{
  "lang":"en",
  "name":"pipeline",
  "version":"0.0.0",
  "spacy_version":">=3.8.11,<3.9.0",
  "description":"",
  "author":"",
  "email":"",
  "url":"",
  "license":"",
  "spacy_git_version":"e7a662a",
  "vectors":{
    "width":0,
    "vectors":0,
    "keys":0,
    "name":null,
    "mode":"default"
  },
  "labels":{
    "transformer":[

    ],
    "ner":[
      "AWARDEE",
      "DATE",
      "EVENT",
      "LOCATION",
      "ROLE",
      "SIGNATORIES",
      "SIGNATORY",
      "SIGNATORY TITLE",
      "SIGNATORY_TITLE",
      "TYPE"
    ]
  },
  "pipeline":[
    "transformer",
    "ner"
  ],
  "components":[
    "transformer",
    "ner"
  ],
  "disabled":[

  ],
  "performance":{
    "ents_f":0.9077090119,
    "ents_p":0.8893617021,
    "ents_r":0.9268292683,
    "ents_per_type":{
      "TYPE":{
        "p":0.9464285714,
        "r":0.9464285714,
        "f":0.9464285714
      },
      "AWARDEE":{
        "p":0.8571428571,
        "r":0.9310344828,
        "f":0.8925619835
      },
      "ROLE":{
        "p":0.8780487805,
        "r":0.9230769231,
        "f":0.9
      },
      "EVENT":{
        "p":0.8039215686,
        "r":0.8913043478,
        "f":0.8453608247
      },
      "DATE":{
        "p":0.9076923077,
        "r":0.921875,
        "f":0.9147286822
      },
      "LOCATION":{
        "p":0.9322033898,
        "r":0.9821428571,
        "f":0.9565217391
      },
      "SIGNATORIES":{
        "p":0.8333333333,
        "r":0.875,
        "f":0.8536585366
      },
      "SIGNATORY_TITLE":{
        "p":0.8421052632,
        "r":0.8421052632,
        "f":0.8421052632
      },
      "SIGNATORY":{
        "p":0.9259259259,
        "r":0.9615384615,
        "f":0.9433962264
      },
      "SIGNATORY TITLE":{
        "p":1.0,
        "r":1.0,
        "f":1.0
      }
    },
    "transformer_loss":204.9387060419,
    "ner_loss":3963.83984375
  }
}